image,address
X00016469612.jpg,"NO.53 55,57 & 59, JALAN SAGU 18, TAMAN DAYA, 81100 JOHOR BAHRU, JOHOR."
X00016469619.jpg,"27, JALAN DEDAP 13, TAMAN JOHOR JAYA, 81100 JOHOR BAHRU, JOHOR."
X00016469620.jpg,"LOT 1851-A & 1851-B, JALAN KPB 6, KAWASAN PERINDUSTRIAN BALAKONG, 43300 SERI KEMBANGAN, SELANGOR (MR DIY TESCO TERBAU)"
X00016469622.jpg,NO 122.124. JALAN DEDAP 13 81100 JOHOR BAHRU
X00016469623.jpg,"LOT 1851-A & 1851-B, JALAN KPB 6, KAWASAN PERINDUSTRIAN BALAKONG, 43300 SERI KEMBANGAN, SELANGOR (TESCO PUTRA NILAI)"
X00016469669.jpg,"NO.2&4, JALAN HARMONI 3/2, TAMAN DESA HARMONI. 81100 JOHOR BAHRU JOHOR"
X00016469672.jpg,"NO.53 JALAN PUTRA 1, TAMAN SRI PUTRA, 81200 JOHOR BAHRU JOHOR"
X00016469676.jpg,"NO. 343, JALAN KURAU, SUNGAI RENGIT, 81620 PENGERANG, JOHOR."
X51005200938.jpg,NO.59 JALAN PERMAS 9/5 BANDAR BARU PERMAS JAYA 81760 JOHOR BAHRU
X51005230617.jpg,"LEVEL 6, BANGUNAN TH, DAMANSARA UPTOWN3 NO.3, JALAN SS21/39,47400 PETALING JAYA SELANGOR"
X51005255805.jpg,"67,JLN MEWAH 25/63 TMN SRI MUDA, 40400 SHAH ALAM."
X51005268200.jpg,"NO. 17-G, JALAN SETIA INDAH (X) U13/X, SETIA ALAM, SEKSYEN U13, 40170 SHAH ALAM,"
X51005268262.jpg,"NO.113G & 115G, JALAN SETIA GEMBILANG U13/BG BANDAR SETIA ALAM, 40170 BANDAR SETIA ALAM, SELANGOR."
X51005268400.jpg,NO.2-1-1 JALAN SEITA PRIMA Q U 13/Q SEITA ALAM 40170 SHAN ALAM SELANGOR
X51005268472.jpg,"NO.23 BATU 10, TAMAN SENTOSA, JALAN KAPAR, 42200 KLANG, SELANGOR."
X51005301659.jpg,"NO.113G & 115G, JALAN SETIA GEMBILANG U13/BG BANDAR SETIA ALAM, 40170 BANDAR SETIA ALAM, SELANGOR."
X51005301661.jpg,"NO: 28, JALAN ASTANA 1C, BANDAR BUKIT RAJA, 41050 KLANG SELANGOR D.E, MALAYSIA"
X51005301667.jpg,"NO: 28, JALAN ASTANA 1C, BANDAR BUKIT RAJA, 41050 KLANG SELANGOR D.E, MALAYSIA"
X51005303661.jpg,"NO: 28,JALAN ASTANA 1C, BANDAR BUKIT RAJA, 41050 KLANG SELANGOR D.E, MALAYSIA"
X51005306399.jpg,LOT 2685 JLN GENTING KLANG 53300 KL SITE 1066
X51005337872.jpg,"75. JALAN SS 22/19, DAMANSARA JAYA, 47400 PJ"
X51005361883.jpg,"NO. 53, JALAN BESAR, 45600 BATANG BERJUNTAI SELANGOR DARUL EHSAN"
X51005361895.jpg,"NO 43-45-47G, TAMAN SEJATI, IJOK, 45600 BESTARI JAYA, KUALA SELANGOR."
X51005361897.jpg,"NO.53, JALAN BESAR, 45600 BATANG BERJUNTAI SELANGOR DARUL EHSAN"
X51005361898.jpg,"NO.53, JALAN BESAR, 45600 BATANG BEJUNTAL SELANGOR DARUL EHSAN"
X51005361900.jpg,"NO.53,JALAN BESAR,45600 BATANG BERJUNTAI SELANGOR DARUL EHSAN"
X51005361907.jpg,"NO. 53, JALAN BESAR, 45600 BATANG BERJUNTAI SELANGOR DARUL EHSAN"
X51005361946.jpg,"LOT 1851-A & 1851-B, JALAN KPB 6, KAWASAN PERINDUSTRIAN BALAKONG, 43300 SERI KEMBANGAN, SELANGOR"
X51005361950.jpg,"LOT P.T. 2811, JALAN ANGSA, TAMAN BERKELEY 41150 KLANG, SELANGOR 1076-IJOK"
X51005365179.jpg,"NO.50,JALAN PBS 14/11, KAWASAN PERINDUSTRIAN BUKIT SERDANG,"
X51005433492.jpg,"12, JALAN TAMPOI 7/4,KAWASAN PERINDUSTRIAN TAMPOI,81200 JOHOR BAHRU,JOHOR"
X51005433494.jpg,"3RD FLR, AEON TAMAN MALURI SD JLN JEJAKA, TAMAN MALURI CHERAS, 55100 KUALA LUMPUR"
X51005433514.jpg,"12, JALAN TAMPOI 7/4,KAWASAN PERINDUSTRIAN TAMPOI 81200 JOHOR BAHRU,JOHOR"
X51005433522.jpg,"12, JALAN TAMPOI 7/4,KAWASAN PERINDUSTRIAN TAMPOI,81200 JOHOR BAHRU,JOHOR"
X51005433533.jpg,NO.59 JALAN PERMAS 9/5 BANDAR BARU PERMAS JAYA 81750 JOHOR BAHRU
X51005433538.jpg,"12, JALAN TAMPOI 7/4,KAWASAN PERINDUSTRIAN TAMPOI,81200 JOHOR BAHRU,JOHOR"
X51005433541.jpg,"12, JALAN TAMPOI 7/4,KAWASAN PERINDUSTRIAN TAMPOI,81200 JOHOR BAHRU,JOHOR"
X51005433552.jpg,JALAN PERMAS UTARA 1 PERMAS JAYA 81750 MASAI JOHOR
X51005433553.jpg,"S117, SECOND FLOOR, AEON TEBRAU CITY, 1, JALAN DESA TEBRAU, TAMAN DESA TEBRAU, 81100 JOHOR BAHRU, JOHOR."
X51005441398.jpg,"AVTIVO PLAZA,LOT B-F-11, BLOCK B NO1.JALAN PJU 9/1,D'SARA AVEVUE BANDAR SRI D'SARA, 52000 KL"
X51005441401.jpg,"109, SS21/1A, DAMANSARA UTAMA"
X51005441402.jpg,"109, SS21/1A, DAMANSARA UTAMA"
X51005441407.jpg,"LOT 38, 39 101 BOULEVARD, JALAN KENARI 5, BANDAR PUCHONG JAYA, 47170 PUCHONG, SELANGOR"
X51005441408.jpg,"78G, JALAN SS21/62, DAMANSARA UTAMA, 47400 PETALING JAYA."
X51005442327.jpg,"12, JALAN TAMPOI 7/4,KAWASAN PARINDUSTRIAN TAMPOI,81200 JOHOR BAHRU,JOHOR"
X51005442333.jpg,"12, JALAN TAMPOI 7/4,KAWASAN PARINDUSTRIAN TAMPOI,81200 JOHOR BAHRU,JOHOR"
X51005442338.jpg,"379, JALAN PERMAS SATU, BANDAR BARU PERMAS JAYA 81750 PLENTONG, JOHOR."
X51005442341.jpg,"K3-113, JL IBRAHIM SULTAN 80300 JOHOR BAHRU JOHOR"
X51005442344.jpg,"NO 4,JALAN PERJIRANAN 10, TAMAN AIR BIRU, 81700 PASIR GUDANG, JOHOR."
X51005442346.jpg,NO.59 JALAN PERMAS 9/5 BANDAR BARU PERMAS JAYA 81750 JOHOR BAHRU
X51005442361.jpg,"LOT 50, FLOOR T2,SKY AVENUE GENTING HIGHLANDS PAHANG, 69000 PAHANG MALAYSIA"
X51005442376.jpg,"12, JALAN TAMPOI 7/4,KAWASAN PERINDUSTRIAN TAMPOI,81200 JOHOR BAHRU,JOHOR"
X51005442378.jpg,"LOT R1, KWS REHAT & RAWAT PAGOH ARAH UTARA, SIMPANG AMPAT PAGOH, LEBUHRAYA UTARA SELATAN, 84600,PAGOH,JOHOR"
X51005442379.jpg,"12, JALAN TAMPOI 7/4,KAWASAN PERINDUSTRIAN TAMPOI,81200 JOHOR BAHRU,JOHOR"
X51005442383.jpg,"18,JALAN PERMAS 10/7 BANDAR BARU PERMAS JAYA, MASAI,JOHOR"
X51005442384.jpg,"12, JALAN TAMPOI 7/4,KAWASAN PERINDUSTRIAN TAMPOI,81200 JOHOR BAHRU,JOHOR"
X51005442386.jpg,"12, JALAN TAMPOI 7/4,KAWASAN PERINDUSTRIAN TAMPOI,81200 JOHOR BAHRU,JOHOR"
X51005442392.jpg,"12 JALAN TAMPOI 7/4,KAWASAN PERINDUSTRIAN TAMPOI,81200 JOHOR BAHRU,JOHOR"
X51005442394.jpg,"12, JALAN TAMPOI 7/4,KAWASAN PERINDUSTRIAN TAMPOI,81200 JOHOR BAHRU,JOHOR"
X51005442397.jpg,NO 14 & 16 JALAN PERMAS 4/3 BANDAR BARU PERMAS JAY
X51005444033.jpg,"LOT 6, JALAN BATAI, PLAZA BATAI, DAMANSARA HEIGHTS 50490, KUALA LUMPUR"
X51005444037.jpg,"UNIT G-13, GROUND FLOOR, NO.1 JLN KIARA, MONT KIARA 50480 KUALA LUMPUR"
X51005444045.jpg,"LOT P.T. 2811, JALAN ANGSA, TAMAN BERKELEY 41150 KLANG, SELANGOR 1245-DESA SRI HARTAMAS"
X51005447832.jpg,"LOT 485, TMN LEMBAH KERAMAT JLN ULU KELANG,  54200 KUALA LUMPUR"
X51005447833.jpg,176 JLN SUNGEI BESI 57100 KUALA LUMPUR.
X51005447839.jpg,"13, JLN TASIK UTAMA 8 MEDAN NIAGA DAMAI SG BESI 57000 KL"
X51005447840.jpg,"NO 19-G& 19-1& 19-2 JALAN TASIK UTAMA 4, MEDAN NIAGA TASIK DAMAI"
X51005447848.jpg,"54,JALAN SS23/11 TAMAN SEA,47400 PETALING JAYA,SELANGOR"
X51005447850.jpg,"NO 19-G& 19-1& 19-2 JALAN TASIK UTAMA 4, MEDAN NIAGA TASIK DAMAI"
X51005447852.jpg,"LOT P.T. 2811, JALAN ANGSA, TAMAN BERKELEY 41150 KLANG, SELANGOR 1249-TMN PANDAN CAHAYA"
X51005447853.jpg,"LOT P.T. 2811, JALAN ANGSA, TAMAN BERKELEY 41150 KLANG, SELANGOR 1317 TRILLIUM S6 BESI"
X51005447860.jpg,"3RD FLR, AEON TAMAN MALURI SC JLN JEJAKA, TAMAN MALURI CHERAS, 55100 KUALA LUMPUR"
X51005447861.jpg,"NO 8, JALAN 7/118B, DESA TUN RAZAK 56000 KUALA LUMPUR, MALAYSIA"
X51005453729.jpg,"NO.32 & 33, JALAN SR 1/9, SEKSYEN 9, TAMAN SERDANG RAYA, 43300 SERI KEMBANGAN, SELANGOR DARUL EHSAN"
X51005453801.jpg,"19, JALAN KANCIL, OFF JALAN PUDU, 55100 KUALA LUMPUR MALAYSIA"
X51005453802.jpg,"NO.32 & 33, JALAN SR 1/9, SEKSYEN 9, TAMAN SERDANG RAYA, 43300 SERI KEMBANGAN, SELANGOR DARUL EHSAN"
X51005453804.jpg,"NO.32 & 33, JALAN SR 1/9, SEKSYEN 9, TAMAN SERDANG RAYA, 43300 SERI KEMBANGAN, SELANGOR DARUL EHSAN"
X51005568827.jpg,"NO,1 JALAN PUTERI 7/10 BANDAR PUTERI, 47100 PUCHONG SELANGOR, MALAYSIA"
X51005568829.jpg,"NO.22 JALAN PUTERI 2/4 BANDAR PUTERI 47100 PUCHONG, SELANGOR"
X51005568880.jpg,"LOT 1851-A & 1851-B, JALAN KPB 6, KAWASAN PERINDUSTRIAN BALAKONG, 43300 SERI KEMBANGAN, SELANGOR"
X51005568881.jpg,"NO 37, JALAN MANIS 7, TAMAN SEGAR, 56100 CHERAS, KUALA LUMPUR."
X51005568884.jpg,"LOT 1851-A & 1851-B, JALAN KPB 6, KAWASAN PERINDUSTRIAN BALAKONG, 43300 SERI KEMBANGAN, SELANGOR"
X51005568891.jpg,"NO 37, JALAN MANIS 7, TAMAN SEGAR, 56100 CHERAS, KUALA LUMPUR."
X51005568898.jpg,14 JALAN MANIS 4 TAMAN SEGAR 56100 KL
X51005568899.jpg,"LOT 1851-A & 1851-B, JALAN KPB 6, KAWASAN PERINDUSTRIAN BALAKONG, 43300 SERI KEMBANGAN, SELANGOR"
X51005568900.jpg,"LOT 1851-A & 1851-B, JALAN KPB 6, KAWASAN PERINDUSTRIAN BALAKONG, 43300 SERI KEMBANGAN, SELANGOR"
X51005568911.jpg,"LOT 1851-A & 1851-B, JALAN KPB 6, KAWASAN PERINDUSTRIAN BALAKONG, 43300 SERI KEMBANGAN, SELANGOR"
X51005568913.jpg,NO 2A JALAN COCHRANE TAMAN MALURI 55100 KUALA LUMPUR
X51005568914.jpg,NO 2A JALAN COCHRANE TAMAN MALURI 55100 KUALA LUMPUR
X51005577192.jpg,"NO. 42, JALAN PBS 14/11, TAMAN PERINDUSTRIAN BUKIT SERDANG, 43300 SERI KEMBANGAN, SELANGOR"
X51005587254.jpg,"4-20, JALAN RIA 25/62 TAMAN SRI MUDA SEKSYEN 25, 40400 SHAH ALAM SELANGOR"
X51005587267.jpg,"4-20, JALAN RIA 25/62 TAMAN SRI MUDA SEKSYEN 25, 40400 SHAH ALAM SELANGOR"
X51005605284.jpg,"NO 1&3, JALAN WANGSA DELIMA 12, WANGSA LINK, WANGSA MAJU, 53300 KUALA LUMPUR"
X51005605285.jpg,"3 FLOOR, AEON TAMAN MALURI SC JLN JEJAKA, TAMAN MALURI CHERAS, 55100 KUALA LUMPUR"
X51005605286.jpg,"3RD FLR, AEON TAMAN MALURI SC JLN JEJAKA, TAMAN MALURI CHERAS, 55100 KUALA LUMPUR"
X51005605333.jpg,"NO 8, JALAN 7/118B, DESA TUN RAZAK 56000 KUALA LUMPUR, MALAYSIA KL FESTIVAL CITY MALL"
X51005605334.jpg,"NO 8, JALAN 7/118B, DESA TUN RAZAK 56000 KUALA LUMPUR, MALAYSIA"
X51005605335.jpg,"NO 8, JALAN 7/118B, DESA TUN RAZAK 56000 KUALA LUMPUR, MALAYSIA"
X51005663272.jpg,"425, JALAN PAHANG, SETAPAK, 53000 KUALA LUMPUR."
X51005663273.jpg,"NO 290, JALAN AIR PANAS. SETAPAK, 53200, KUALA LUMPUR"
X51005663276.jpg,"NO 290, JALAN AIR PANAS. SETAPAK. 53200, KUALA LUMPUR."
X51005663277.jpg,"NO 290, JALAN AIR PANAS. SETAPAK, 53200, KUALA LUMPUR."
X51005663278.jpg,NO 2A JALAN COCHRANE TAMAN MALURI 55100 KUALA LUMPUR
X51005663279.jpg,"NO 290, JALAN AIR PANAS. SETAPAK, 53200, KUALA LUMPUR"
X51005663280.jpg,
X51005663293.jpg,"NO 21, JLN BUNGA KANTAN TAMAN P. RAMLEE SETAPAK 53000 KUALA LUMPUR"
X51005663297.jpg,"LOT 1-0-2, JLN 1/50, DIAMOND SQUARE, OFF JLN GOMBAK 53000 KUALA LUMPUR"
X51005663298.jpg,"106-107, LEVEL 1 THE MINES MALL SERDANG SRI KEMBANGAN, 43300 SELANGOR DARUL EHSAN."
X51005663301.jpg,"NO 7. SIMPANG OFF BATU VILLAGE, JALAN IPOH BATU 5, 51200 KUALA LUMPUR MALAYSIA"
X51005663311.jpg,"NO 7, SIMPANG OFF BATU VILLAGE, JALAN IPOH BATU 5, 51200 KUALA LUMPUR MALAYSIA"
X51005663317.jpg,"NO 7, SIMPANG OFF BATU VILLAGE, JALAN IPOH BATU 5, 51200 KUALA LUMPUR MALAYSIA"
X51005663324.jpg,"NO 290, JALAN AIR PANAS, SETAPAK, 53200, KUALA LUMPUR."
X51005675095.jpg,"LEVEL G2, BLOCK D1, SOLARIS DUTAMAS, NO.1, JALAN DUTAMAS 1, 50480 KUALA LUMPUR"
X51005676536.jpg,"NO 290, JALAN AIR PANAS, SETAPAK, 53200, KUALA LUMPUR."
X51005676538.jpg,"NO 290, JALAN AIR PANAS, SETAPAK, 53200, KUALA LUMPUR."
X51005676539.jpg,"NO 290, JALAN AIR PANAS, SETAPAK, 53200, KUALA LUMPUR."
X51005676540.jpg,"NO 290, JALAN AIR PANAS, SETAPAK, 53200, KUALA LUMPUR."
X51005676541.jpg,"NO 290, JALAN AIR PANAS, SETAPAK, 53200, KUALA LUMPUR."
X51005676543.jpg,"NO 290, JALAN AIR PANAS, SETAPAK, 53200, KUALA LUMPUR."
X51005676544.jpg,"NO 290, JALAN AIR PANAS, SETAPAK, 53200, KUALA LUMPUR."
X51005676545.jpg,"NO 290, JALAN AIR PANAS, SETAPAK, 53200, KUALA LUMPUR."
X51005676546.jpg,"NO 290, JALAN AIR PANAS, SETAPAK, 53200, KUALA LUMPUR."
X51005676547.jpg,"NO 290, JALAN AIR PANAS, SETAPAK, 53200, KUALA LUMPUR."
X51005676549.jpg,"NO 290, JALAN AIR PANAS, SETAPAK, 53200, KUALA LUMPUR."
X51005677328.jpg,"NO 290, JALAN AIR PANAS, SETAPAK, 53200, KUALA LUMPUR."
X51005677329.jpg,"NO 290, JALAN AIR PANAS, SETAPAK, 53200, KUALA LUMPUR."
X51005677331.jpg,"NO 290, JALAN AIR PANAS, SETAPAK, 53200, KUALA LUMPUR."
X51005677332.jpg,"NO 290, JALAN AIR PANAS, SETAPAK, 53200, KUALA LUMPUR."
X51005677334.jpg,"NO 290, JALAN AIR PANAS, SETAPAK, 53200, KUALA LUMPUR."
X51005677335.jpg,"NO 290, JALAN AIR PANAS, SETAPAK, 53200, KUALA LUMPUR."
X51005677339.jpg,"LOT 1-0-2, JLN 1/50, DIAMOND SQUARE, OFF JLN GOMBAK 53000 KUALA LUMPUR"
X51005685355.jpg,"NO.2, GROUND FLOOR, JALAN REKO SENTRAL 8 TAMAN REKO SENTRAL, 43000 KAJANG SELANGOR DE"
X51005685357.jpg,"23, JIN BURUNG JENTAYU, TMN BUKIT MALURI, KEPONG, 52100 KL."
X51005705722.jpg,"NO 31G, JALAN SEPADU C 25/C, SECTION 25, TAMAN INDUSTRIES, AXIS 40400 SHAH ALAM, SELANGIR."
X51005705760.jpg,"4-20, JALAN RIA 25/62 TAMAN SRI MUDA SEKSYEN 25, 40400 SHAH ALAM SELANGOR"
X51005705804.jpg,"NO 31G, JALAN SEPADU C 25/C, SECTION 25, TAMAN INDUSTRIES, AXIS 40400 SHAH ALAM, SELANGOR."
X51005711401.jpg,"NO.2, JALAN TEMENGGUNG 19/9, SEKSYEN 9, BANDAR MAHKOTA CHERAS, 43200 CHERAS, SELANGOR"
X51005711403.jpg,"NO.2, JALAN TEMENGGUNG 19/9, SEKSYEN 9, BANDAR MAHKOTA CHERAS, 43200 CHERAS, SELANGOR"
X51005711404.jpg,"NO.2, JALAN TEMENGGUNG 19/9, SEKSYEN 9, BANDAR MAHKOTA CHERAS, 43200 CHERAS, SELANGOR"
X51005711441.jpg,"NO.2, JALAN TEMENGGUNG 19/9, SEKSYEN 9, BANDAR MAHKOTA CHERAS, 43200 CHERAS, SELANGOR"
X51005711442.jpg,"NO.2, JALAN TEMENGGUNG 19/9, SEKSYEN 9, BANDAR MAHKOTA CHERAS, 43200 CHERAS, SELANGOR"
X51005711445.jpg,"NO.2, JALAN TEMENGGUNG 19/9, SEKSYEN 9, BANDAR MAHKOTA CHERAS, 43200 CHERAS, SELANGOR"
X51005711447.jpg,"NO.2, JALAN TEMENGGUNG 19/9, SEKSYEN 9, BANDAR MAHKOTA CHERAS, 43200 CHERAS, SELANGOR"
X51005711451.jpg,"NO.2, JALAN TEMENGGUNG 19/9, SEKSYEN 9, BANDAR MAHKOTA CHERAS, 43200 CHERAS, SELANGOR"
X51005711452.jpg,"LEVEL 6, BANGUNAN TH, DAMANSARA UPTOWN3 NO.3, JALAN SS21/39, 47400 PETALING JAYA SELANGOR"
X51005711453.jpg,"LEVEL 6, BANGUNAN TH, DAMANSARA UPTOWN3 NO.3, JALAN SS21/39, 47400 PETALING JAYA SELANGOR"
X51005711454.jpg,"JALAN TEMENGGUNG 23/9 BANDAR MAHKOTA CHERAS 43200 SELANGOR DARUL EHSAN, MALAYSIA"
X51005711456.jpg,"NO: 1-1&2 GROUND FLOOR, JLN TEMENGGUNG 13/9, 43200 CHERAS SELANGOR"
X51005712017.jpg,"LEVEL 6, BANGUNAN TH, DAMANSARA UPTOWN3 NO.3, JALAN SS21/39, 47400 PETALING JAYA SELANGOR"
X51005712021.jpg,"19 & 19A, JALAN MERANTI 2A, SEKSYEI BANDAR BARU BATANG KALI, 44300"
X51005712038.jpg,"5-7, JALAN MAHAGONI 7/1 SEKSYEN 4, BANDAR UTAMA, 44300 BATANG KALI, SELANGOR"
X51005712039.jpg,"NO.49, JALAN MAHAGONI 7/2, SEKSYEN 4 BANDAR UTAMA, 44300 BATANG KALI, SELANGOR."
X51005715010.jpg,"USJ SUMMIT, SUBANG (SS)"
X51005715451.jpg,"NO 8, JALAN 7/118B, DESA TAN RAZAH 56000 KUALA LUMPUR, MALAYSIA KSL CITY"
X51005715456.jpg,"33-G JALAN MAJU 3/1 TAMAN LEMBAH MAJU CHERAS, 56100 KL"
X51005717526.jpg,"LEVEL 6, BANGUNAN TH, DAMANSARA UPTOWN3 NO.3, JALAN SS21/39, 47400 PETALING JAYA SELANGOR"
X51005719814.jpg,"19-1. JALAN MALINJA 2, TAMAN BUNGA RAYA, 53100 SETAPAK, KUALA LUMPUR."
X51005719856.jpg,"A-16-1, TOWER A, NORTHPOINT OFFICE, MID VALLEY CITY, NO1, MEDAN SYED PUTRA UTARA KUALA LUMPUR MALAYSIA"
X51005719862.jpg,"LOT P. T. 2811, JALAN ANGSA, TAMAN BERKELEY 41150 KLANG, SELANGOR 1934-LAMAN RIMBUNAN"
X51005719864.jpg,"LOT 37636 , JALAN 6/37A, TAMAN BUKIT MALURI , 52100 KUALA LUMPUR"
X51005719873.jpg,"SHELL STATION PT15944, MUKIM BATU, JLN BESAR KEPONG"
X51005719874.jpg,"LOT NO. : G1 . 116A,GROUND FLOOR , SUNWAY PYRAMID , NO.3, JALAN PJS 11/15, BANDAR SUNWAY , 47500 PETALING JAYA."
X51005719882.jpg,"LOT P. T. 2811, JALAN ANGSA, TAMAN BERKELEY 41150 KLANG, SELANGOR 1181-TMN SRI SINAR"
X51005719883.jpg,"LOT P. T. 2811, JALAN ANGSA, TAMAN BERKELEY 41150 KLANG, SELANGOR 1362-JLN DEVELOPMENT"
X51005719886.jpg,22 LRG PERUSAHAAN 4 KIMPAL INDS.PARK B.CAVES
X51005719893.jpg,"NO.J-G-02, SOHO KI, SOLARIS MONT KIERA, 50 480 KL"
X51005719896.jpg,"LOT 34817 JALAN BATU AMBAR TAMAN KOK LIAN 51200 KUALA LUMPUR,"
X51005719899.jpg,"HQ: 7, JLN SS21/34, 47400 PJ"
X51005719902.jpg,"NO.41, JALAN SERI BINTANG 2 TAMAN SRI BINTANG, 52100 KUALA LUMPUR."
X51005719904.jpg,"NO. 145G, JALAN RIMBUNAN RAYA 1, LAMAN RIMBUNAN KEPONG, 52100 KUALA LUMPUR"
X51005719906.jpg,"NO 53, JALAN 3/62A, BANDAR MENJALARA, 52200 KUALA LUMPUR."
X51005719912.jpg,GUARDIAN GIANT BREM MALL G-19 LEVEL G BREM MALL
X51005719914.jpg,"LOT 1851-A & 1851-B, JALAN KPB 6, KAWASAN PERINDUSTRIAN BALAKONG, 43300 SERI KEMBANGAN, SELANGOR"
X51005719917.jpg,"D-08, M AVENUE , JLN 1 / 38A SEGAMBUT BAHAGIA 51200 KUALA LUMPUR"
X51005722668.jpg,"NO 12 GF, JALAN MAMANDA 5, TAMAN DATO AHMAD RAZALI, JALAN AMPANG, 68000 AMPANG, SELANGOR."
X51005722699.jpg,"NO 8, JALAN 7/118B, DESA TUN RAZAK 56000 KUALA LUMPUR, MALAYSIA AMPANG POINT CENTRE"
X51005724554.jpg,"LOT 276 JALAN BANTING 43800 DENGKIL, SELANGOR."
X51005724621.jpg,"LOT 276 JALAN BANTING 43800 DENGKIL, SELANGOR."
X51005724627.jpg,"LOT 276 JALAN BANTING 43800 DENGKIL, SELANGOR."
X51005724629.jpg,"LOT 276 JALAN BANTING 43800 DENGKIL, SELANGOR."
X51005741944.jpg,JALAN LAPANGAN TERBANG SUBANG 47200 SUBANG SELANGOR
X51005742068.jpg,"LOT 1626, MUKIM KAMPUNG LAUT TUMPAT 16200 PALEKBANG, KELANTAN"
X51005745183.jpg,"NO 3, JALAN TAMAN JAS'A 2; . SECTION U6, 40150 SHAH ALAM."
X51005745187.jpg,"NO. 15. JLN TSJ2,TMN SUBANG JASA, OFF JLN BT 3 SUBANG. 40000 SHAH ALAM. SEL."
X51005745188.jpg,"NO.15, JLN TSJ2,TMN SUBANG JASA, OFF JLN BT 3 SUBANG, 40000 SHAH ALAM, SEL."
X51005745190.jpg,"NO. 1 JALAN EURO 1 OFF JALAN BATU TIGA SUNGAI BULOH SEKSYEN U3 SHAH ALAM, 40150"
X51005745214.jpg,"LOT P.T. 2811, JALAN ANGSA, TAMAN BERKELEY 41150 KLANG, SELANGOR"
X51005745249.jpg,"A-G-06, DATARAN GLOMAC, JALAN SS6/5A, PUSAT BANDAR KELANA JAYA, 47301 PETALING JAYA, SELANGOR, MALAYSIA"
X51005745296.jpg,"NO. 9-G, JALAN PERUBATAN 2, PANDAN INDAH, 55100 KUALA LUMPUR."
X51005746140.jpg,"9, JALAN SUBANG JASA 3, 40150 SHAN ALAM, SELANGOR."
X51005749895.jpg,"LOT 1851-A & 1851-B, JALAN KPB 6, KAWASAN PERINDUSTRIAN BALAKONG, 43300 SERI KEMBANGAN, SELANGOR"
X51005749905.jpg,"NO: G3, BLK G, JIN PJU 1A/3, ARA DAMANSARA, 47301 PETALING JAYA, SELANGOR DARUL EHSAN."
X51005749912.jpg,"LOT 1851-A & 1851-B, JALAN KPB 6, KAWASAN PERINDUSTRIAN BALAKONG, 43300 SERI KEMBANGAN, SELANGOR"
X51005757199.jpg,"NO 8. JALAN 7/118B, DESA TUN RAZAK 56000 KUALA LUMPUR, MALAYSIA"
X51005757201.jpg,"3RD FLR, AEON TAMAN MALURI SC JLN JEJAKA, TAMAN MALURI CHERAS ,55100 KUALA LUMPUR"
X51005757235.jpg,"3RD FLR, AEON TAMAN MALURI SC JLN JEJAKA, TAMAN MALURI CHERAS, 55100 KUALA LUMPUR"
X51005757243.jpg,"NO 8, JALAN 7/118B, DESA TUN RAZAK 56000 KUALA LUMPUR, MALAYSI."
X51005757248.jpg,"3RD FLR, AEON TAMAN MALURI SC JLN JEJAKA, TAMAN MALURI CHERAS, 55100 KUALA LUMPUR"
X51005757273.jpg,"LOT 1851-A & 1851-B, JALAN KPB 6, KAWASAN PERINDUSTRIAN BALAKONG, 43300 SERI KEMBANGAN, SELANGOR"
X51005757286.jpg,"13-1, JALAN PJU 5/10, DATARAN SUNWAY, KOTA DAMANSARA, 47810, PETALING JAYA, SELANGOR"
X51005757290.jpg,"LOT 1851-A & 1851-B, JALAN KPB 6, KAWASAN PERINDUSTRIAN BALAKONG, 43300 SERI KEMBANGAN, SELANGOR"
X51005757294.jpg,"LOT 1851-A & 1851-B, JALAN KPB 6, KAWASAN PERINDUSTRIAN BALAKONG, 43300 SERI KEMBANGAN, SELANGOR"
X51005757304.jpg,"DAISO JAPAN, IOI MALL"
X51005757323.jpg,"LOT 1851-A & 1851-B, JALAN KPB 6, KAWASAN PERINDUSTRIAN BALAKONG, 43300 SERI KEMBANGAN, SELANGOR"
X51005757324.jpg,"LOT 1851-A & 1851-B, JALAN KPB 6, KAWASAN PERINDUSTRIAN BALAKONG, 43300 SERI KEMBANGAN, SELANGOR"
X51005757346.jpg,"LOT 1851-A & 1851-B, JALAN KPB 6, KAWASAN PERINDUSTRIAN BALAKONG, 43300 SERI KEMBANGAN, SELANGOR"
X51005757349.jpg,"NO 5, JALAN KENARI 2, BANDAR PUCHONG JAYA, 47100 PUCHONG, SELANGOR"
X51005757351.jpg,"LOT 1851-A & 1851-B, JALAN KPB 6, KAWASAN PERINDUSTRIAN BALAKONG, 43300 SERI KEMBANGAN, SELANGOR"
X51005757353.jpg,"LOT 1851-A & 1851-B, JALAN KPB 6, KAWASAN PERINDUSTRIAN BALAKONG, 43300 SERI KEMBANGAN, SELANGOR"
X51005763940.jpg,"LOT 1F-01&02,1ST FLR,PARADIGM MALL, NO. 1 JALAN SS 7/26A, KELANA JAYA, 47301 PETALING JAYA"
X51005806678.jpg,"L4-17 (B), LEVEL 4, UP2-01, MELAWATI MALL, 355, JALAN BANDAR MELAWATI, PUSAT BANDAR MELAWATI, 53100 KUALA LUMPUR."
X51005806679.jpg,"129, JALAN TUN H.S LEE, 50000 KUALA LUMPUR."
X51005806685.jpg,"NO 1&3, JALAN WANGSA DELIMA 12, WANGSA LINK, WANGSA MAJU, 53300 KUALA LUMPUR"
X51005806698.jpg,"NO 1&3, JALAN WANGSA DELIMA 12, WANGSA LINK, WANGSA MAJU, 53300 KUALA LUMPUR"
X51005806702.jpg,"NO.17, 18 & 41, JALAN BESAR, 39100 BRINCHANG, CAMERON HIGHLANDS, PAHANG"
X51005806703.jpg,"NO.17,18 & 41,JALAN BESAR,39100 BRINCHANG, CAMERON HIGHLANDS, PAHANG"
X51005806716.jpg,"NO 1&3, JALAN WANGSA DELIMA 12, WANGSA LINK, WANGSA MAJU, 53300 KUALA LUMPUR"
X51005889296.jpg,NO 2A JALAN COCHRANE TAMAN MALURI 55100 KUALA LUMPUR
X51006008057.jpg,"P6, BLOCK C, GM KLANG WHOLESALE CITY, JALAN KASUARINA 1, 41200 KLANG, SELANGOR D.E."
X51006008073.jpg,"NO 18, 20, 22, JALAN BUNGA TANJONG 2/16, 40000 SHAH ALAM, SELANGOR"
X51006008074.jpg,"NO 18, 20, 22, JALAN BUNGA TANJONG 2/16, 40000 SHAH ALAM, SELANGOR"
X51006008086.jpg,"NO 8, JALAN 7/118B, DESA TUN RAZAK 56000 KUALA LUMPUR, MALAYSIA"
X51006008089.jpg,"NO 8, JALAN 7/118B, DESA TUN RAZAK 56000 KUALA LUMPUR, MALAYSIA"
X51006008091.jpg,"NO 8, JALAN 7/118B, DESA TUN RAZAK 56000 KUALA LUMPUR, MALAYSIA"
X51006008095.jpg,"12, JALAN BUNGA TANJUNG,2/16 SEKSYEN 2,40000 SHAH ALAM, SELANGOR"
X51006008197.jpg,AUTOROUTE RABAT MEKNES 15000 KHEMISSET
X51006311758.jpg,"UNIT L1-044B, VIVACITY MEGAMALL, JALAN WAN ALWI, 93350 KUCHING, SARAWAK."
X51006311764.jpg,"UNIT L1-044B, VIVACITY MEGAMALL, JALAN WAN ALWI, 93350 KUCHING, SARAWAK."
X51006311767.jpg,"UNIT L1-044B, VIVACITY MEGAMALL, JALAN WAN ALWI, 93350 KUCHING, SARAWAK."
X51006311778.jpg,"UNIT G-5B, GROUND FLOOR, WISMA UOA II, NO 21, JALAN PINANG, 50450 KUALA LUMPUR, MALAYSIA"
X51006311779.jpg,"UNIT G-5B, GROUND FLOOR, WISMA UOA II, NO 21, JALAN PINANG, 50450 KUALA LUMPUR, MALAYSIA"
X51006311780.jpg,"LOT 1851-A & 1851-B, JALAN KPB 6, KAWASAN PERINDUSTRIAN BALAKONG, 43300 SERI KEMBANGAN, SELANGOR"
X51006327976.jpg,F-G-01 JALAN SS 6/5B DATARAN GLOMAC. KELANA JAYA 47301 PETALING JAYA. SELANGOR
X51006327978.jpg,"LOT 1504, BATU 8 1/2, JALAN KLANG LAMA, 46000 PETALING JAYA, SELANGOR."
X51006328913.jpg,"NO.49, JALAN DINAR G U3/G, SUBANG PERDANA, 40150 SHAH ALAM, SELANGOR D.E."
X51006328919.jpg,"NO.12, JALAN SS4C/5,PETALING JAYA SELANGOR DARUL EHSAN"
X51006328920.jpg,"NO.12, JALAN SS4C/5,PETALING JAYA SELANGOR DARUL EHSAN"
X51006329395.jpg,"NO.12,JALAN SS4C/5,PETALING JAYA SELANGOR DARUL EHSAN"
X51006329399.jpg,"69 JALAN NOVA U5/N, SEKSYEN U5 SUBANG BE"
X51006329402.jpg,"PT17920 SEK U9, SHAH ALAM"
X51006332575.jpg,"LOT F15, GIANT BANDAR PUTERI JALAN PUTERI 1/1, BDR PUTERI 47100 PUCHONG, SELANGOR"
X51006332649.jpg,"NO.49, JALAN DINAR G U3/G, SUBANG PERDANA, 40150 SHAH ALAM, SELANGOR D.E."
X51006334699.jpg,"PT17920, SEKSYEN U9, 40150 SHAH ALAM, SELANGOR DARUL EHSAN."
X51006334741.jpg,"PT17920, SEKSYEN U9, 40150 SHAH ALAM, SELANGOR DARUL EHSAN."
X51006334926.jpg,"LEVEL 6, BANGUNAN TH, DAMANSARA UPTOWN3 NO.3, JALAN SS21/39,47400 PETALING JAYA SELANGOR"
X51006335314.jpg,"NO 2, JALAN BULAN BM U5/BM, SEKSYEN U5, 40150 SHAH ALAM, SELANGOR"
X51006335547.jpg,"LOT NO. G23, GIANT KELANA JAYA LOT PT244, JLN PERBANDARAN SS6/4 PUSAT BANDAR KELANA JAYA, PETALING"
X51006335552.jpg,"LOT 1504, BATU 8 1/2, JALAN KLANG LAMA, 46000 PETALING JAYA, SELANGOR."
X51006349086.jpg,"A-09-10 PRIMA AVENUE THE TUBE, 1/39, DATARAN PRIMA 47301 PETALING JAYA SELANGOR DE"
X51006350750.jpg,"19, JALAN KANCIL, OFF JALAN PUDU, 55100 KUALA LUMPUR MALAYSIA"
X51006350763.jpg,"19, JALAN KANCIL, OFF JALAN PUDU, 55100 KUALA LUMPUR MALAYSIA"
X51006387740.jpg,44 JALAN SS21/58 DAMANSARA UTAMA 47400 PETALING JAYA
X51006387812.jpg,"LOT F21 & 22, CITTA MALL NO 1, JLN PJU 1A/4 47301"
X51006387813.jpg,"G-26, GRD FLOOR,CITTA MALL, NO 1, JALAN PJU, 1A/4B, JLN PJU 1,ARA DAMANSARA, 47301 PETALING JAYA, SELANGOR."
X51006387847.jpg,"NO.49, JALAN DINAR G U3/G, SUBANG PERDANA, 40150 SHAH ALAM, SELANGOR D.E."
X51006387850.jpg,"9, JALAN SUBANG JASA 3, 40150 SHAH ALAM, SELANGOR."
X51006387932.jpg,"NO 3, JALAN TAMAN JASA 2, SECTION U6, 40150 SHAH ALAM."
X51006387951.jpg,12 JALAN PENGACARA U1/48 TEMASYA INDUSTRIAL PARK 40150 SHAH ALAM SELANGOR
X51006387953.jpg,12 JALAN PENGACARA U1/48 TEMASYA INDUSTRIAL PARK 40150 SHAH ALAM SELANGOR
X51006387971.jpg,"LOT P.T. 2811, JALAN ANGSA, TAMAN BERKELEY 41150 KLANG, SELANGOR 1313-SUBANG BESTARI"
X51006388044.jpg,"NO7,JLN UERO,SHAH ALAM."
X51006388064.jpg,"NO.49, JALAN DINAR G U3/G, SUBANG PERDANA, 40150 SHAH ALAM, SELANGOR D.E."
X51006388065.jpg,"LOT P.T. 2811, JALAN ANGSA, TAMAN BERKELEY 41150 KLANG, SELANGOR 1032-SUBANG PERDANA"
X51006388066.jpg,"4243,COMPLEKS PERNIAGAAN SRI GAYA, JLN TMN SUBANG JASA 3, 40150 SELANGOR"
X51006388069.jpg,"PT17920 SEK U9, SHAH ALAM"
X51006388082.jpg,"NO. 9-G, JALAN DINAR D U3/D TAMAN SUBANG PERDANA, SEK,U3, 40150 SHAH ALAM,SELANGOR D.E."
X51006389865.jpg,"NO. 2, JALAN TEMENGGUNG 19/9, SEKSYEN 9, BANDAR MAHKOTA CHERAS, 43200 CHERAS, SELANGOR"
X51006389884.jpg,"LOT P.T. 2811, JALAN ANGSA, TAMAN BERKELEY 41150 KLANG, SELANGOR 1214-JINJANG UTARA"
X51006389888.jpg,"LOT P.T. 2811, JALAN ANGSA, TAMAN BERKELEY 41150 KLANG, SELANGOR 1214-JINJANG UTARA"
X51006389893.jpg,"NO.LOT 24, BATU 11 KAMPUNG DATO, UJANG BALAKONG, 43200 CHERAS, SEL."
X51006389963.jpg,NO 2-1 JALAN 3/137B BATU 5 JALAN KELANG LAMA 58000 KUALA LUMPUR
X51006392122.jpg,"G.23 & G.22, PLAZA SERI SETIA, NO.1 JALAN SS 9/1, 47300 PJ, SELANGOR."
X51006392273.jpg,"NO. 9-G, JALAN DINAR D U3/D TAMAN SUBANG PERDANA, SEK,U3, 40150 SHAH ALAM,SELANGOR D.E."
X51006392299.jpg,"NO.49, JALAN DINAR G U3/G, SUBANG PERDANA, 40150 SHAH ALAM, SELANGOR D.E."
X51006392313.jpg,"NO. 1 JALAN EURO 1 OFF JALAN BATU TIGA SUNGAI BULOH SEKSYEN U3 SHAH ALAM,40150"
X51006393376.jpg,"LOT P.T. 2811, JALAN ANGSA, TAMAN BERKELEY 41150 KLANG, SELANGOR 1214-JINJANG UTARA"
X51006393377.jpg,"LOT P.T. 2811, JALAN ANGSA, TAMAN BERKELEY 41150 KLANG, SELANGOR 1422-TMN DESA JAYA"
X51006401723.jpg,"NO. 36G JALAN BULAN BM U5/BM, BANDAR PINGGIRAN SUBANG, SEKSYEN U5, 40150 SHAH ALAM, SELANGOR."
X51006401836.jpg,"G.23 & G.22, PLAZA SERI SETIA, NO.1 JALAN SS 9/1, 47300 PJ, SELANGOR."
X51006401869.jpg,"NO. 20-A1, JALAN SS6/3, KELANA JAYA, 47301 PETALING JAYA SELANGOR D.E."
X51006401978.jpg,"NO.12,JALAN SS4C/5,PETALING JAYA SELANGOR DARUL EHSAN"
X51006414392.jpg,"5,JALAN PERMAS 10/5, BANDAR BARU PERMAS JAYA, 81750 JOHOR BAHRU,JOHOR"
X51006414394.jpg,"NO.8,JALAN PERMAS 10/7, PERMAS JAYA, 81750 JOHOR BAHRU."
X51006414429.jpg,"12, JALAN TAMPOI 7/4,KAWASAN PERINDUSTRIAN TAMPOI,81200 JOHOR BAHRU,JOHOR"
X51006414431.jpg,"12, JALAN TAMPOI 7/4,KAWASAN PERINDUSTRIAN TAMPOI,81200 JOHOR BAHRU,JOHOR"
X51006414470.jpg,"12, JALAN TAMPOI 7/4,KAWASAN PERINDUSTRIAN TAMPOI,81200 JOHOR BAHRU,JOHOR"
X51006414483.jpg,"12, JALAN TAMPOI 7/4,KAWASAN PERINDUSTRIAN TAMPOI,81200 JOHOR BAHRU,JOHOR"
X51006414485.jpg,"12, JALAN TAMPOI 7/4,KAWASAN PERINDUSTRIAN TAMPOI,81200 JOHOR BAHRU,JOHOR"
X51006414519.jpg,LOT PTD 198718 TMN SIERRA P 81750 MASAI JOHOR
X51006414533.jpg,"LOT PTD 101051 JALAN PERMAS 10/10 81750 MASAI, JOHOR"
X51006414599.jpg,"LOT G29 & G30, AEON MALL TEBRAU CITY, NO. 1, JALAN DESA TEBRAU, TAMAN DESA TEBRAU, 81100 JOHOR BAHRU."
X51006414631.jpg,"12, JALAN TAMPOI 7/4,KAWASAN PERINDUSTRIAN TAMPOI,81200 JOHOR BAHRU,JOHOR"
X51006414633.jpg,"12, JALAN TAMPOI 7/4,KAWASAN PERINDUSTRIAN TAMPOI,81200 JOHOR BAHRU,JOHOR"
X51006414636.jpg,88 JALAN IBRAHIM SULTAN STULANG LAUT 80300 JOHOR BAHRU
X51006414638.jpg,"379, JALAN PERMAS SATU, BANDAR BARU PERMAS JAYA 81750 PLENTONG, JOHOR."
X51006414671.jpg,"12, JALAN TAMPOI 7/4,KAWASAN PERINDUSTRIAN TAMPOI,81200 JOHOR BAHRU,JOHOR"
X51006414674.jpg,"NO.12, JALAN PERMAS JAYA 10, BANDAR BARU PERMAS JAYA, 81750 MASAI JOHOR"
X51006414675.jpg,"NO.12, JALAN PERMAS JAYA 10, BANDAR BARU PERMAS JAYA, 81750 MASAI JOHOR"
X51006414677.jpg,"LOT F36, FIRST FLOOR, AEON MALL BDR DATO' ONN, NO.3 JLN DATO' ONN 3, BDR DATO' ONN 81100 JOHOR BAHRU, JOHOR"
X51006414679.jpg,"BLK 2, UNIT G1 & G2, BESTARI TERRACE, LOT PTD 182908 & PTD 143216, JALAN DANGA, TAMAN NUSA BESTARI, 81300"
X51006414680.jpg,"3RD FLR, AEON TAMAN MALURI SC JLN JEJAKA, TAMAN MALURI CHERAS, 55100 KUALA LUMPUR"
X51006414700.jpg,"3RD FLR, AEON TAMAN MALURI SC JLN JEJAKA, TAMAN MALURI CHERAS, 55100 KUALA LUMPUR"
X51006414703.jpg,"3RD FLR, AEON TAMAN MALURI SC JLN JEJAKA, TAMAN MALURI CHERAS, 55100 KUALA LUMPUR"
X51006414711.jpg,"DOMINO'S PIZZA TAMAN UNIVERSITI 30, JLN KEBUDAYAAN 7, TMN UNIVERSITI 81300 SKUDAI, JOHOR"
X51006414712.jpg,"DOMINO'S PIZZA TAMAN UNIVERSITI 30, JLN KEBUDAYAAN 7, TMN UNIVERSITI 81300 SKUDAI, JOHOR"
X51006414713.jpg,"S117, SECOND FLOOR, AEON TEBRAU CITY, 1, JALAN DESA TEBRAU, TAMAN DESA TEBRAU, 81100 JOHOR BAHRU, JOHOR."
X51006414714.jpg,LOT 2110&2111 JALAN PERMAS UTARA BANDAR BARU PERMAS 81750 JOHOR BAHRU JOHOR
X51006414718.jpg,"3RD FLR, AEON TAMAN MALURI SC JLN JEJAKA, TAMAN MALURI CHERAS, 55100 KUALA LUMPUR"
X51006414719.jpg,"3RD FLR, AEON TAMAN MALURI SC JLN JEJAKA, TAMAN MALURI CHERAS, 55100 KUALA LUMPUR"
X51006414720.jpg,"10-18,JLN KEBUDAYAAN 16,TMN U 81300 JOHOR BAHRU."
X51006414721.jpg,"DOMINO'S PIZZA PERMAS JAYA NO.12, JALAN PERMAS JAYA 10, BANDAR BARU PERMAS JAYA, 81750 MASAI JOHOR"
X51006414733.jpg,"3RD FLR, AEON TAMAN MALURI SC JLN JEJAKA, TAMAN MALURI CHERAS, 55100 KUALA LUMPUR"
X51006441473.jpg,JALAN LOKE YEW BENTONG 90 GROUND FLOOR JALAN BENTONG
X51006441474.jpg,JALAN TRAS BATU 1 28700 BENTONG PAHANG DARUL MAKMUR.
X51006466055.jpg,"LOT 2942 & 2945, JLN SERI SENTOSA 8, SERI SENTOSA, OFF JLN KLANG LAMA, 58000 KUALA LUMPUR."
X51006466056.jpg,"NO.1, JLN PUTERI 1/6, BANDAR PUTERI, 47100 PUCHONG, SELANGOR"
X51006466060.jpg,"42-46, JLN SULTAN AZLAN SHAH 51200 KUALA LUMPUR"
X51006466062.jpg,"42-46, JLN SULTAN AZLAN SHAH 51200 KUALA LUMPUR"
X51006466065.jpg,"95, BEACH ROAD, 10300 PENANG. 10400 PENANG."
X51006466066.jpg,"NO.37-1, PLAZA DANAU DESA 2, JALAN 109F, TAMAN DANAU DESA, 58100 KUALA LUMPUR."
X51006466778.jpg,"117, JALAN RADIN BAGUS, SRI PETALING"
X51006502529.jpg,"16A, JALAN ASTAKA U8/83, BUKIT JELUTONG 40150 SHAH ALAN, SELANGOR D.E."
X51006502531.jpg,"NO 16A, JALAN ASTAKA U8/83, BUKIT JELUTONG. 40150 SHAH ALAM, SELANGOR, D.E."
X51006502533.jpg,"LOT-18A-2, BERJAYA TIMES SQUARE, KUALA LUMPUR."
X51006554833.jpg,"B-8, JALAN SS15/4D, 47500 SUBANG JAYA, SELANGOR"
X51006555072.jpg,"LOT LG 315, 1-UTAMA SHOPPING CENTRE, LEBUH BANDAR UTAMA-BANDAR UTAMA, PETALING JAYA, 47800 SELANGOR"
X51006555125.jpg,"NO. 76, JALAN SS15/4B, 47500 SUBANG JAYA, SELANGOR D.E."
X51006555570.jpg,"B-8, JALAN SS15/4D, 47500 SUBANG JAYA, SELANGOR"
X51006555780.jpg,"LOT 3, JALAN PELABUR 23/1, 40300 SHAH ALAM, SELANGOR."
X51006555784.jpg,"LOT 3, JALAN PELABUR 23/1, 40300 SHAH ALAM, SELANGOR."
X51006555806.jpg,"LOT 3, JALAN PELABUR 23/1, 40300 SHAH ALAM, SELANGOR."
X51006555814.jpg,"LOT 3, JALAN PELABUR 23/1, 40300 SHAH ALAM, SELANGOR."
X51006555817.jpg,"LOT 3, JALAN PELABUR 23/1, 40300 SHAH ALAM, SELANGOR."
X51006555818.jpg,"LOT 3, JALAN PELABUR 23/1, 40300 SHAH ALAM, SELANGOR."
X51006556591.jpg,"LOT 3, JALAN PELABUR 23/1, 40300 SHAH ALAM, SELANGOR."
X51006556596.jpg,"LOT 3, JALAN PELABUR 23/1, 40300 SHAH ALAM, SELANGOR."
X51006556604.jpg,"LOT 3, JALAN PELABUR 23/1, 40300 SHAH ALAM, SELANGOR."
X51006556646.jpg,"LOT 3, JALAN PELABUR 23/1, 40300 SHAH ALAM, SELANGOR."
X51006556650.jpg,"LOT 3, JALAN PELABUR 23/1, 40300 SHAH ALAM, SELANGOR."
X51006556656.jpg,"LOT 3, JALAN PELABUR 23/1, 40300 SHAH ALAM, SELANGOR."
X51006556726.jpg,"LOT 3, JALAN PELABUR 23/1, 40300 SHAH ALAM, SELANGOR."
X51006556730.jpg,"GROUND FLOOR, NO. 4 & 6, JALAN SS15/4B, 47500 SUBANG JAYA, SELANGOR."
X51006556732.jpg,"LOT 3, JALAN PELABUR 23/1, 40300 SHAH ALAM, SELANGOR."
X51006556738.jpg,"LOT 3, JALAN PELABUR 23/1, 40300 SHAH ALAM, SELANGOR."
X51006556815.jpg,"LOT 3, JALAN PELABUR 23/1, 40300 SHAH ALAM, SELANGOR."
X51006556818.jpg,"LOT 3, JALAN PELABUR 23/1, 40300 SHAH ALAM, SELANGOR."
X51006556823.jpg,"LOT 3, JALAN PELABUR 23/1, 40300 SHAH ALAM, SELANGOR."
X51006556824.jpg,"LOT 3, JALAN PELABUR 23/1, 40300 SHAH ALAM, SELANGOR."
X51006556825.jpg,"LOT 3, JALAN PELABUR 23/1, 40300 SHAH ALAM, SELANGOR."
X51006556828.jpg,"LOT 3, JALAN PELABUR 23/1, 40300 SHAH ALAM, SELANGOR."
X51006556830.jpg,"NO.2, JALAN METRO PERDANA TIMUR 11, KEPONG ENTERPRENUERS PARK, OFF JALAN KEPONG, 52100 KUALA LUMPUR."
X51006556831.jpg,"NO.2, JALAN METRO PERDANA TIMUR 11, KEPONG ENTERPRENUERS PARK, OFF JALAN KEPONG, 52100 KUALA LUMPUR."
X51006556838.jpg,"LOT 3, JALAN PELABUR 23/1, 40300 SHAH ALAM, SELANGOR."
X51006556839.jpg,"LOT 3, JALAN PELABUR 23/1, 40300 SHAH ALAM, SELANGOR."
X51006556840.jpg,"LOT 3, JALAN PELABUR 23/1, 40300 SHAH ALAM, SELANGOR."
X51006556841.jpg,"LOT 3, JALAN PELABUR 23/1, 40300 SHAH ALAM, SELANGOR."
X51006556852.jpg,"LOT 3, JALAN PELABUR 23/1, 40300 SHAH ALAM, SELANGOR."
X51006556861.jpg,"LOT 3, JALAN PELABUR 23/1, 40300 SHAH ALAM, SELANGOR."
X51006557117.jpg,"LOT 3, JALAN PELABUR 23/1, 40300 SHAH ALAM, SELANGOR."
X51006557119.jpg,"LOT 3, JALAN PELABUR 23/1, 40300 SHAH ALAM, SELANGOR."
X51006557161.jpg,"LOT 3, JALAN PELABUR 23/1, 40300 SHAH ALAM, SELANGOR."
X51006557164.jpg,"LOT 3, JALAN PELABUR 23/1, 40300 SHAH ALAM, SELANGOR."
X51006557168.jpg,"LOT 3, JALAN PELABUR 23/1, 40300 SHAH ALAM, SELANGOR."
X51006557170.jpg,"LOT 3, JALAN PELABUR 23/1, 40300 SHAH ALAM, SELANGOR."
X51006557178.jpg,"LOT 3, JALAN PELABUR 23/1, 40300 SHAH ALAM, SELANGOR."
X51006557179.jpg,"LOT 3, JALAN PELABUR 23/1, 40300 SHAH ALAM, SELANGOR."
X51006557184.jpg,"LOT 3, JALAN PELABUR 23/1, 40300 SHAH ALAM, SELANGOR."
X51006557185.jpg,"LOT 3, JALAN PELABUR 23/1, 40300 SHAH ALAM, SELANGOR."
X51006557188.jpg,"LOT 3, JALAN PELABUR 23/1, 40300 SHAH ALAM, SELANGOR."
X51006557193.jpg,"LOT 3, JALAN PELABUR 23/1, 40300 SHAH ALAM, SELANGOR."
X51006557195.jpg,"LOT 3, JALAN PELABUR 23/1, 40300 SHAH ALAM, SELANGOR."
X51006557198.jpg,"LOT 3, JALAN PELABUR 23/1, 40300 SHAH ALAM, SELANGOR."
X51006557199.jpg,"LOT 3, JALAN PELABUR 23/1, 40300 SHAH ALAM, SELANGOR."
X51006557202.jpg,"LOT 3, JALAN PELABUR 23/1, 40300 SHAH ALAM, SELANGOR."
X51006557210.jpg,"LOT 3, JALAN PELABUR 23/1, 40300 SHAH ALAM, SELANGOR."
X51006557213.jpg,"LOT 3, JALAN PELABUR 23/1, 40300 SHAH ALAM, SELANGOR."
X51006557508.jpg,"LOT 3, JALAN PELABUR 23/1, 40300 SHAH ALAM, SELANGOR."
X51006619341.jpg,"LOT 1851 -A & 1851-B, JALAN KPB 6, KAWASAN PERINDUSTRIAN BALAKONG, 43300 SERI KEMBANGAN, SELANGOR"
X51006619342.jpg,"LOT 1851-A & 1851-B, JALAN KPB 6, KAWASAN PERINDUSTRIAN BALAKONG, 43300 SERI KEMBANGAN, SELANGOR"
X51006619343.jpg,"LOT 1851-A & 1851-B, JALAN KPB 6, KAWASAN PERINDUSTRIAN BALAKONG, 43300 SERI KEMBANGAN, SELANGOR"
X51006619496.jpg,"LOT P.T. 2811, JALAN ANGSA, TAMAN BERKELEY 41150 KLANG, SELANGOR 1320-TMN BATU"
X51006619545.jpg,"2ND FLOOR, WISMA COSWAY, JALAN RAJA CHULAN, 50200 KUALA LUMPUR, MALAYSIA."
X51006619550.jpg,"LOT 11995, BATU 2, JALAN KAPAR 41400 KLANG, SELANGOR"
X51006619561.jpg,"33 JLN BANGAU 1,KEPONG BARU, 52100 KEPONG,KL"
X51006619563.jpg,"LOT P.T. 2811, JALAN ANGSA, TAMAN BERKELEY 41150 KLANG, SELANGOR 1558-TMN PUSAT KEPONG"
X51006619566.jpg,"LOT P.T. 2811, JALAN ANGSA, TAMAN BERKELEY 41150 KLANG, SELANGOR 1558-TMN PUSAT KEPONG"
X51006619694.jpg,"LOT F/L2A.4, LEVEL 2A FIRST WORLD PLAZA, FIRST WORLD"
X51006619696.jpg,"LOT P.T. 33198, BATU 4 JALAN KAPAR, MUKIM KAPAR 42100 KLANG, SELANGOR 1320-TMN BATU"
X51006619697.jpg,"LG226, LGF, 1 UTAMA SHOPPING CENTRE, LEBUH BANDAR UTAMA, 47800 PETALING JAYA."
X51006619698.jpg,"LOT 1851-A & 1851-B, JALAN KPB 6, KAWASAN PERINDUSTRIAN BALAKONG, 43300 SERI KEMBANGAN, SELANGOR"
X51006619709.jpg,"LOT 1851-A & 1851-B, JALAN KPB 6, KAWASAN PERINDUSTRIAN BALAKONG, 43300 SERI KEMBANGAN, SELANGOR"
X51006619758.jpg,"LOT P.T. 33198, BATU 4 JALAN KAPAR, MUKIM KAPAR 42100 KLANG, SELANGOR 1181-TMN SRI SINAR"
X51006619765.jpg,"LOT 1851-A & 1851-B, JALAN KPB 6, KAWASAN PERINDUSTRIAN BALAKONG, 43300 SERI KEMBANGAN, SELANGOR"
X51006619772.jpg,"LEVEL 6, BANGUNAN TH, DAMANSARA UPTOWN3 NO.3, JALAN SS21/39,47400 PETALING JAYA SELANGOR"
X51006619777.jpg,"LOT P.T. 33198, BATU 4 JALAN KAPAR, MUKIM KAPAR 42100 KLANG, SELANGOR 1558-TMN PUSAT KEPONG"
X51006619780.jpg,"NO.145G, JALAN RIMBUNAN RAYA 1, LAMAN RIMBUNAN KEPONG, 52100 KUALA LUMPUR"
X51006619783.jpg,NO.128G JLN SS21/35 DAMANSARA UTAMA PETALING JAYA 47400 SELANGOR
X51006619785.jpg,"2ND FLOOR, WISMA COSWAY, JALAN RAJA CHULAN, 50200 KUALA LUMPUR, MALAYSIA."
X51006619854.jpg,"LOT P.T. 33198, BATU 4 JALAN KAPAR, MUKIM KAPAR 42100 KLANG, SELANGOR 1174-PERMATA MAGNA"
X51006619862.jpg,"LOT 1851-A & 1851-B, JALAN KPB 6, KAWASAN PERINDUSTRIAN BALAKONG, 43300 SERI KEMBANGAN, SELANGOR"
X51006620161.jpg,"NO.54, BATU 5,JALAN IPOH, KG.BATU, 51200 KUALA LUMPUR"
X51006620176.jpg,"LOT 1851-A & 1851-B, JALAN KPB 6, KAWASAN PERINDUSTRIAN BALAKONG, 43300 SERI KEMBANGAN, SELANGOR"
X51006620181.jpg,"GK 101,GND FLR,ONE UTAMA SHOPPING CENTRE NO.1,LEBUH BANDAR UTAMA, 47800 PETALING JAYA, SELANGOR."
X51006620186.jpg,"LOT 1851-A & 1851-B, JALAN KPB 6, KAWASAN PERINDUSTRIAN BALAKONG, 43300 SERI KEMBANGAN, SELANGOR"
X51006620187.jpg,"LOT NO2, JALAN UTARID U5/13, SEKSYEN U5, 40150 SNAH ALAM, SELANGOR DARUL EHSAN, MALAYSIA"
X51006620189.jpg,"LOT P.T. 33198, BATU 4 JALAN KAPAR, MUKIM KAPAR 42100 KLANG, SELANGOR 1605-TMN SRI BINTANG"
X51006620190.jpg,"LOT 1851-A & 1851-B, JALAN KPB 6, KAWASAN PERINDUSTRIAN BALAKONG, 43300 SERI KEMBANGAN, SELANGOR"
X51006620191.jpg,"LOT LG 26, SUBANG PARADE NO.5, JALAN SS16/1 47500 SUBANG JAYA, SELANGOR"
X51006620414.jpg,"LOT NO : 20, LEVEL UG1, PUBLIKA SOLARIS DUTAMAS. NO 1, JALAN DUTAMAS, 50480 KL"
X51006647932.jpg,"22A-1, JALAN 17/54, SECTION 17, 46400 PETALING JAYA, SELANGOR."
X51006679216.jpg,"NO.25, JALAN METRO PERDANA BARAT 2, TAMAN USAHAWAN KEPONG, KEPONG UTARA, 52100 KUALA LUMPUR."
X51006679222.jpg,"F.K06, FIRST FLOOR, THE GARDENS MALL, MID VALLEY CITY, LINGKARAN SYED PUTRA, 59200 KUALA LUMPUR."
X51006713996.jpg,"LOT 204 & 205, JALAN BATU 12 1/4, KG. DUSUN NANDING, 43100 HULU LANGAT, SELANGOR DARUL EHSAN."
X51006714065.jpg,"NO. 135, JALAN BANGI, 43500 SEMENYIH, SELANGOR"
X51006733494.jpg,"3, JALAN PERDANA 5, TAMAN INDAH PERDANA, KEPONG, 52100 KL."
X51006828217.jpg,"LOT P.T. 2811, JALAN ANGSA, TAMAN BERKELEY 41150 KLANG, SELANGOR 1243-JLN PUDU ULU"
X51006856981.jpg,"LOT B-005-006, BASEMENT LEVEL 1 THE STARLING MALL JALAN SS21/60, DAMANSARA UTAMA."
X51006857071.jpg,"NO.9, JALAN MANIS 3, TAMAN SEGAR CHERAS, 56100 KUALA LUMPUR."
X51006857265.jpg,"LOT S319, 2ND FLOOR, 1 UTAMA SHOPPING CENTRE, NO1, LEBUH BANDAR UTAMA,47800 P.JAYA"
X51006857660.jpg,"NO.41G, JLN SS21/60, DAMANSARA UTAMA, 47400 PJ, SELANGOR."
X51006867435.jpg,NO 15 JALAN BANDAR RAWANG 10 BANDAR BARU RAWANG
X51006867436.jpg,NO 15 JALAN BANDAR RAWANG 10 BANDAR BARU RAWANG
X51006882603.jpg,"LOT F1-01, 6, JALAN 8/27A, SEKSYEN 5 WANGSA MAJU, 53300 KUALA LUMPUR, WILAYAH PERSEKUTUAN KUALA LUMPUR, MALAYSIA."
X51006912960.jpg,"BLK 2, UNIT G1 & G2, BESTARI TERRACE, LOT PTD 182908 & PTD 143216, JALAN DANGA, TAMAN NUSA BESTARI, 81300"
X51006912972.jpg,"12, JALAN TAMPOI 7/4,KAWASAN PERINDUSTRIAN TAMPOI,81200 JOHOR BAHRU,JOHOR"
X51006912974.jpg,"12, JALAN TAMPOI 7/4,KAWASAN PERINDUSTRIAN TAMPOI,81200 JOHOR BAHRU,JOHOR"
X51006913007.jpg,"3RD FLR, AEON TAMAN MALURI SC JLN JEJAKA, TAMAN MALURI CHERAS, 55100 KUALA LUMPUR"
X51006913019.jpg,"3RD FLR, AEON TAMAN MALURI SC JLN JEJAKA, TAMAN MALURI CHERAS, 55100 KUALA LUMPUR"
X51006913023.jpg,"12, JALAN TAMPOI 7/4,KAWASAN PERINDUSTRIAN TAMPOI,81200 JOHOR BAHRU,JOHOR"
X51006913024.jpg,"12, JALAN TAMPOI 7/4,KAWASAN PERINDUSTRIAN TAMPOI,81200 JOHOR BAHRU,JOHOR"
X51006913028.jpg,"12, JALAN TAMPOI 7/4,KAWASAN PERINDUSTRIAN TAMPOI,81200 JOHOR BAHRU,JOHOR"
X51006913030.jpg,"12, JALAN TAMPOI 7/4,KAWASAN PERINDUSTRIAN TAMPOI,81200 JOHOR BAHRU,JOHOR"
X51006913031.jpg,"12, JALAN TAMPOI 7/4,KAWASAN PERINDUSTRIAN TAMPOI,81200 JOHOR BAHRU,JOHOR"
X51006913051.jpg,LOT 2110&2111 JALAN PERMAS UTARA BANDAR BARU PERMAS 81750 JOHOR BAHRU JOHOR
X51006913054.jpg,"NO. 89&91, JALAN UTAMA, TAMAN MUTIA RINI, 81300 SKUDAI, JOHOR."
X51006913055.jpg,"1, JALAN SUTERA TANJUNG 8/4, TMN SUTERA UTAMA, 81300 SKUDAI, JB."
X51006913059.jpg,"12, JALAN TAMPOI 7/4,KAWASAN PERINDUSTRIAN TAMPOI,81200 JOHOR BAHRU,JOHOR"
X51006913068.jpg,"LEVEL 6, BANGUNAN TH, DAMANSARA UPTOWN3 NO.3, JALAN SS21/39,47400 PETA ING JAYA SELANGOR"
X51006913070.jpg,"12, JALAN TAMPOI 7/4,KAWASAN PERINDUSTRIAN TAMPOI,81200 JOHOR BAHRU,JOHOR"
X51006913073.jpg,"12, JALAN TAMPOI 7/4,KAWASAN PERINDUSTRIAN TAMPOI,81200 JOHOR BAHRU,JOHOR"
X51006913074.jpg,"30, JLN KEBUDAYAAN 7, TMN UNIVERSITI 81300 SKUDAI, JOHOR"
X51007103578.jpg,"LOT 1851-A & 1851-B, JALAN KPB 6, KAWASAN PERINDUSTRIAN BALAKONG, 43300 SERI KEMBANGAN, SELANGOR"
X51007103599.jpg,"LOT 1851-A & 1851-B, JALAN KPB 6, KAWASAN PERINDUSTRIAN BALAKONG, 43300 SERI KEMBANGAN, SELANGOR"
X51007103639.jpg,"LOT 1851-A & 1851-B, JALAN KPB 6, KAWASAN PERINDUSTRIAN BALAKONG, 43300 SERI KEMBANGAN, SELANGOR"
X51007103641.jpg,"LOT 1851-A & 1851-B, JALAN KPB 6, KAWASAN PERINDUSTRIAN BALAKONG, 43300 SERI KEMBANGAN, SELANGOR"
X51007103643.jpg,"LOT 1851-A & 1851-B, JALAN KPB 6, KAWASAN PERINDUSTRIAN BALAKONG, 43300 SERI KEMBANGAN, SELANGOR"
X51007103675.jpg,"LOT 1851-A & 1851-B, JALAN KPB 6, KAWASAN PERINDUSTRIAN BALAKONG, 43300 SERI KEMBANGAN, SELANGOR"
X51007103681.jpg,"LOT 1851-A & 1851-B, JALAN KPB 6, KAWASAN PERINDUSTRIAN BALAKONG, 43300 SERI KEMBANGAN, SELANGOR"
X51007103688.jpg,"LOT 1851-A & 1851-B, JALAN KPB 6, KAWASAN PERINDUSTRIAN BALAKONG, 43300 SERI KEMBANGAN, SELANGOR"
X51007103691.jpg,"3RD FLR, AEON TAMAN MALURI SC JLN JEJAKA, TAMAN MALURI CHERAS, 55100 KUALA LUMPUR"
X51007103692.jpg,"LOT 1851-A & 1851-B, JALAN KPB 6, KAWASAN PERINDUSTRIAN BALAKONG, 43300 SERI KEMBANGAN, SELANGOR"
X51007103702.jpg,"LOT 1851-A & 1851-B, JALAN KPB 6, KAWASAN PERINDUSTRIAN BALAKONG, 43300 SERI KEMBANGAN, SELANGOR"
X51007135037.jpg,"NO. 36G JALAN BULAN BM U5/BM, BANDAR PINGGIRAN SUBANG, SEKSYEN U5, 40150 SHAH ALAM, SELANGOR."
X51007135247.jpg,"LOT P.T. 2811, JALAN ANGSA, TAMAN BERKELEY 41150 KLANG, SELANGOR"
X51007225398.jpg,"NO: G3, BLK G, JLN PJU 1A/3, ARA DAMANSARA, 47301 PETALING JAYA, SELANGOR DARUL EHSAN."
X51007225399.jpg,"NO: G3, BLK G, JLN PJU 1A/3, ARA DAMANSARA, 47301 PETALING JAYA, SELANGOR DARUL EHSAN."
X51007225417.jpg,"NO: G3, BLK G, JLN PJU 1A/3, ARA DAMANSARA, 47301 PETALING JAYA, SELANGOR DARUL EHSAN."
X51007225442.jpg,"LOT 1851-A & 1851-B, JALAN KPB 6, KAWASAN PERINDUSTRIAN BALAKONG, 43300 SERI KEMBANGAN, SELANGOR"
X51007228448.jpg,125A TINGKAT BAWAH PT 1961 JALAN MALINJA SITE B 45400 SEKINCHAN SELANGOR
X51007231336.jpg,"12, JALAN TAMPOI 7/4,KAWASAN PERINDUSTRIAN TAMPOI,81200 JOHOR BAHRU,JOHOR"
X51007231338.jpg,"PARADIGM MALL LOT NO.: 4F-27 & 4FK-38, 4TH FLOOR"
X51007231344.jpg,"12, JALAN TAMPOI 7/4,KAWASAN PERINDUSTRIAN TAMPOI,81200 JOHOR BAHRU,JOHOR"
X51007231361.jpg,"LOT S25, AEON TEBRAU CITY JUSCO NO 1, JLN DESA TEBRAU, TMN DESA TEBRAU, 81100 JOHOR BAHRU, JOHOR"
X51007231365.jpg,"NO,35, JALAN KEBUDAYAAN 8, TAMAN UNIVERSITY,81300 SKUDAI, JOHOR"
X51007231370.jpg,"NO 35,JALAN INDAH 15/2,BUKIT INDAH 81200 JOHOR BAHRU,JOHOR"
X51007231374.jpg,"JALAN PERMAS UTARA 1, PERMAS JAYA 81750 MASAI JOHOR"
X51007262315.jpg,"LEVEL 6, BANGUNAN TH, DAMANSARA UPTOWN3 NO.3, JALAN SS21/39,47400 PETALING JAYA SELANGOR"
X51007262328.jpg,"NO. 47, JALAN MERANTI 1A, BANDAR BARU UTAMA, 44300 BATANG KALI, SELANGOR."
X51007262330.jpg,"5-7, JALAN MAHAGONI 7/1 SEKSYEN 4, BANDAR UTAMA, 44300 BATANG KALI, SELANGOR"
X51007339094.jpg,"NO. 31G&33G, JALAN SETIA INDAH X ,U13/X 40170 SETIA ALAM"
X51007339095.jpg,"NO. 31G&33G, JALAN SETIA INDAH X ,U13/X 40170 SETIA ALAM"
X51007339097.jpg,"NO. 31G&33G, JALAN SETIA INDAH X ,U13/X 40170 SETIA ALAM"
X51007339098.jpg,"NO. 31G&33G, JALAN SETIA INDAH X ,U13/X 40170 SETIA ALAM"
X51007339100.jpg,"NO. 31G&33G, JALAN SETIA INDAH X ,U13/X 40170 SETIA ALAM"
X51007339106.jpg,"NO. 31G&33G, JALAN SETIA INDAH X ,U13/X 40170 SETIA ALAM"
X51007339107.jpg,"NO. 31G&33G, JALAN SETIA INDAH X ,U13/X 40170 SETIA ALAM"
X51007339110.jpg,"NO. 31G&33G, JALAN SETIA INDAH X ,U13/X 40170 SETIA ALAM"
X51007339111.jpg,"NO. 31G&33G, JALAN SETIA INDAH X ,U13/X 40170 SETIA ALAM"
X51007339112.jpg,"NO. 31G&33G, JALAN SETIA INDAH X ,U13/X 40170 SETIA ALAM"
X51007339113.jpg,"NO. 31G&33G, JALAN SETIA INDAH X ,U13/X 40170 SETIA ALAM"
X51007339114.jpg,"NO. 31G&33G, JALAN SETIA INDAH X ,U13/X 40170 SETIA ALAM"
X51007339115.jpg,"NO. 31G&33G, JALAN SETIA INDAH X ,U13/X 40170 SETIA ALAM"
X51007339117.jpg,"NO. 31G&33G, JALAN SETIA INDAH X ,U13/X 40170 SETIA ALAM"
X51007339118.jpg,"NO. 31G&33G, JALAN SETIA INDAH X ,U13/X 40170 SETIA ALAM"
X51007339120.jpg,"NO. 31G&33G, JALAN SETIA INDAH X ,U13/X 40170 SETIA ALAM"
X51007339126.jpg,"NO. 31G&33G, JALAN SETIA INDAH X ,U13/X 40170 SETIA ALAM"
X51007339130.jpg,"NO. 31G&33G, JALAN SETIA INDAH X ,U13/X 40170 SETIA ALAM"
X51007339131.jpg,"NO. 31G&33G, JALAN SETIA INDAH X ,U13/X 40170 SETIA ALAM"
X51007339132.jpg,"NO. 31G&33G, JALAN SETIA INDAH X ,U13/X 40170 SETIA ALAM"
X51007339133.jpg,"NO. 31G&33G, JALAN SETIA INDAH X ,U13/X 40170 SETIA ALAM"
X51007339135.jpg,"NO. 31G&33G, JALAN SETIA INDAH X ,U13/X 40170 SETIA ALAM"
X51007339136.jpg,"NO. 31G&33G, JALAN SETIA INDAH X ,U13/X 40170 SETIA ALAM"
X51007339139.jpg,"NO. 31G&33G, JALAN SETIA INDAH X ,U13/X 40170 SETIA ALAM"
X51007339146.jpg,"NO. 31G&33G, JALAN SETIA INDAH X ,U13/X 40170 SETIA ALAM"
X51007339150.jpg,"NO. 31G&33G, JALAN SETIA INDAH X ,U13/X 40170 SETIA ALAM"
X51007339151.jpg,"NO. 31G&33G, JALAN SETIA INDAH X ,U13/X 40170 SETIA ALAM"
X51007339152.jpg,"NO. 31G&33G, JALAN SETIA INDAH X ,U13/X 40170 SETIA ALAM"
X51007339156.jpg,"NO. 31G&33G, JALAN SETIA INDAH X ,U13/X 40170 SETIA ALAM"
X51007339157.jpg,"NO. 31G&33G, JALAN SETIA INDAH X ,U13/X 40170 SETIA ALAM"
X51007339158.jpg,"NO. 31G&33G, JALAN SETIA INDAH X ,U13/X 40170 SETIA ALAM"
X51007339162.jpg,"NO. 31G&33G, JALAN SETIA INDAH X ,U13/X 40170 SETIA ALAM"
X51007339164.jpg,"NO. 31G&33G, JALAN SETIA INDAH X ,U13/X 40170 SETIA ALAM"
X51007339165.jpg,"NO. 31G&33G, JALAN SETIA INDAH X ,U13/X 40170 SETIA ALAM"
X51007339166.jpg,"NO. 31G&33G, JALAN SETIA INDAH X ,U13/X 40170 SETIA ALAM"
X51007339167.jpg,"NO. 31G&33G, JALAN SETIA INDAH X ,U13/X 40170 SETIA ALAM"
X51007339639.jpg,"NO. 17-G, JALAN SETIA INDAH (X) U13/X, SETIA ALAM, SEKSYEN U13, 40170 SHAH ALAM,"
X51007339642.jpg,"NO. 17-G, JALAN SETIA INDAH (X) U13/X, SETIA ALAM, SEKSYEN U13, 40170 SHAH ALAM,"
X51007339643.jpg,"NO. 17-G, JALAN SETIA INDAH (X) U13/X, SETIA ALAM, SEKSYEN U13, 40170 SHAH ALAM,"
X51007339647.jpg,"NO. 17-G, JALAN SETIA INDAH (X) U13/X, SETIA ALAM, SEKSYEN U13, 40170 SHAH ALAM,"
X51007339648.jpg,"NO. 17-G, JALAN SETIA INDAH (X) U13/X, SETIA ALAM, SEKSYEN U13, 40170 SHAH ALAM,"
X51007339650.jpg,"NO. 17-G, JALAN SETIA INDAH (X) U13/X, SETIA ALAM, SEKSYEN U13, 40170 SHAH ALAM,"
X51007339651.jpg,"NO. 17-G, JALAN SETIA INDAH (X) U13/X, SETIA ALAM, SEKSYEN U13, 40170 SHAH ALAM,"
X51007339653.jpg,"NO. 17-G, JALAN SETIA INDAH (X) U13/X, SETIA ALAM, SEKSYEN U13, 40170 SHAH ALAM,"
X51007339656.jpg,"NO. 17-G, JALAN SETIA INDAH (X) U13/X, SETIA ALAM, SEKSYEN U13, 40170 SHAH ALAM,"
X51007339657.jpg,"NO. 17-G, JALAN SETIA INDAH (X) U13/X, SETIA ALAM, SEKSYEN U13, 40170 SHAH ALAM,"
X51007339658.jpg,"NO. 17-G, JALAN SETIA INDAH (X) U13/X, SETIA ALAM, SEKSYEN U13, 40170 SHAH ALAM,"
X51007391372.jpg,"NO. 42, JALAN PBS 14/11, TAMAN PERINDUSTRIAN BUKIT SERDANG, 43300 SERI KEMBANGAN, SELANGOR"
X51007419197.jpg,"UNIT 105, BLOCK A,PUSAT DAGANGAN PHILEO DAMANSARA, NO.9, JALAN 16/11,,46350,PETALING JAYA,SELANGOR"
X51007579726.jpg,"NO.1 JALAN PJU 1A/46, OFF JALAN LAPANGAN TERBANG SUBANG PETALING JAYA SELANGOR 47301"
X51007843145.jpg,"LOT PTD 101051 JALAN PERMAS 10/10 81750 MASAI, JOHOR"
X51007846269.jpg,"12, JALAN TAMPOI 7/4,KAWASAN PERINDUSTRIAN TAMPOI,81200 JOHOR BAHRU,JOHOR"
X51007846270.jpg,"NO.1, JALAN PERMAS 10/5, BANDAR BARU PERMAS JAYA 81750 JOHOR BAHRU, JOHOR."
X51007846286.jpg,"12, JALAN TAMPOI 7/4,KAWASAN PERINDUSTRIAN TAMPOI,81200 JOHOR BAHRU,JOHOR"
X51007846301.jpg,"12, JALAN TAMPOI 7/4,KAWASAN PERINDUSTRIAN TAMPOI,81200 JOHOR BAHRU,JOHOR"
X51007846302.jpg,"NO.1, JALAN PERMAS 10/5, BANDAR BARU PERMAS JAYA 81750 JOHOR BAHRU, JOHOR."
X51007846305.jpg,"3RD FLR, AEON TAMAN MALURI SC JLN JEJAKA, TAMAN MALURI CHERAS, 55100 KUALA LUMPUR"
X51007846307.jpg,"12, JALAN TAMPOI 7/4,KAWASAN PERINDUSTRIAN TAMPOI,81200 JOHOR BAHRU,JOHOR"
X51007846309.jpg,"12, JALAN TAMPOI 7/4,KAWASAN PERINDUSTRIAN TAMPOI,81200 JOHOR BAHRU,JOHOR"
X51007846325.jpg,"NO.89&91, JALAN UTAMA, TAMAN MUTIA RINI, 81300 SKUDAI, JOHOR."
X51007846326.jpg,"NO 3, JALAN PERMAS 10/8, BANDAR BARU PERMAS JAYA, 81750 MASAI, JOHOR"
X51007846350.jpg,"NO.6,8, 10& 12 JALAN PERMAS 4/3 BANDAR BARU PERMAS JAYA, 81750 JOHOR BAHRU,JOHOR."
X51007846353.jpg,LOT 2110&2111 JALAN PERMAS UTARA BANDAR BARU PERMAS 81750 JOHOR BAHRU JOHOR
X51007846357.jpg,"NO.17,JALAN PERMAS 1/7, BANDAR BARU PERMAS JAYA,81750,MASAI"
X51007846366.jpg,"3RD FLR, AEON TAMAN MALURI SC JLN JEJAKA, TAMAN MALURI CHERAS, 55100 KUALA LUMPUR"
X51007846368.jpg,"NO.3 & 5, JALAN PERMAS 11, BANDAR BARU PERMAS JAYA, 81750 MASAI, JOHOR"
X51007846370.jpg,"12, JALAN TAMPOI 7/4,KAWASAN PERINDUSTRIAN TAMPOI,81200 JOHOR BAHRU, JOHOR"
X51007846388.jpg,"12, JALAN TAMPOI 7/4,KAWASAN PERINDUSTRIAN TAMPOI,81200 JOHOR BAHRU, JOHOR"
X51007846391.jpg,"12, JALAN TAMPOI 7/4,KAWASAN PERINDUSTRIAN TAMPOI,81200 JOHOR BAHRU, JOHOR"
X51007846393.jpg,"NO.1, JALAN PERMAS 10/5, BANDAR BARU PERMAS JAYA 81750 JOHOR BAHRU, JOHOR."
X51007846395.jpg,"LEVEL 6, BANGUNAN TH, DAMANSARA UPTOWN3 NO.3, JALAN SS21/39, 47400 PETALING JAYA SELANGOR"
X51007846398.jpg,"12, JALAN TAMPOL 7/4,KAWASAN PERINDUSTRIAN TAMPOI,81200 JOHOR BAHRU,JOHOR"
X51007846410.jpg,"31,31A, JALAN HANG TUAH 9, TAMAN SKUDAI BARU, 81300 SKUDAI, JOHOR"
X51007846412.jpg,"LOT G29 & G30, AEON MALL TEBRAU CITY, NO. 1, JALAN DESA TEBRAU, TAMAN DESA TEBRAU, 81100 JOHOR BAHRU."
X51007846451.jpg,"NO 69, JALAN PENGKALAN 5, TAMAN PASIR EMAS, KG PASIR PUTIH, 81700 PASIR GUDANG, JOHOR."
X51008030560.jpg,"NO 33, 35, G F ,JALAN TEMENGGUNG 3/9, BANDAR MAHKOTA CHERAS, 43200 CHERAS, SELANGOR"
X51008030565.jpg,"NO.2, JALAN TEMENGGUNG 19/9, SEKSYEN 9, BANDAR MAHKOTA CHERAS, 43200 CHERAS, SELANGOR"
X51008030566.jpg,"NO.2, JALAN TEMENGGUNG 19/9, SEKSYEN 9, BANDAR MAHKOTA CHERAS, 43200 CHERAS, SELANGOR"
X51008042777.jpg,"NO.2, JALAN TEMENGGUNG 19/9, SEKSYEN 9, BANDAR MAHKOTA CHERAS, 43200 CHERAS, SELANGOR"
X51008042778.jpg,"NO.2, JALAN TEMENGGUNG 19/9, SEKSYEN 9, BANDAR MAHKOTA CHERAS, 43200 CHERAS, SELANGOR"
X51008042782.jpg,"NO.2, JALAN TEMENGGUNG 19/9, SEKSYEN 9, BANDAR MAHKOTA CHERAS, 43200 CHERAS, SELANGOR"
X51008042783.jpg,"LEVEL 6, BANGUNAN TH, DAMANSARA UPTOWN3 NO.3, JALAN SS21/39,47400 PETALING JAYA SELANGOR"
X51008042791.jpg,"NO.2, JALAN TEMENGGUNG 19/9, SEKSYEN 9, BANDAR MAHKOTA CHERAS, 43200 CHERAS, SELANGOR"
X51008042792.jpg,"NO.2, JALAN TEMENGGUNG 19/9, SEKSYEN 9, BANDAR MAHKOTA CHERAS, 43200 CHERAS, SELANGOR"
X51008042793.jpg,"69, JALAN TEMENGGUNG 3/9 BANDAR MAHKOTA CHERAS 43200 CHERAS SELANGOR"
X51008063849.jpg,"LOT 1851-A & 1851-B, JALAN KPB 6, KAWASAN PERINDUSTRIAN BALAKONG, 43300 SERI KEMBANGAN, SELANGOR"
X51008064061.jpg,"LOT 1851-A & 1851-B, JALAN KPB 6, KAWASAN PERINDUSTRIAN BALAKONG, 43300 SERI KEMBANGAN, SELANGOR"
X51008099041.jpg,"NO.2, JALAN TEMENGGUNG 19/9, SEKSYEN 9, BANDAR MAHKOTA CHERAS, 43200 CHERAS, SELANGOR"
X51008099043.jpg,"NO.2, JALAN TEMENGGUNG 19/9, SEKSYEN 9, BANDAR MAHKOTA CHERAS, 43200 CHERAS, SELANGOR"
X51008099044.jpg,"NO.2, JALAN TEMENGGUNG 19/9, SEKSYEN 9, BANDAR MAHKOTA CHERAS, 43200 CHERAS, SELANGOR"
X51008099046.jpg,"NO.2, JALAN TEMENGGUNG 19/9, SEKSYEN 9, BANDAR MAHKOTA CHERAS, 43200 CHERAS, SELANGOR"
X51008099048.jpg,"NO.2, JALAN TEMENGGUNG 19/9, SEKSYEN 9, BANDAR MAHKOTA CHERAS, 43200 CHERAS, SELANGOR"
X51008099049.jpg,"NO.19 & 21 JALAN TEMENGGUNG 23/9 BANDAR MAHKOTA CHERAS 43200 SELANGOR DARUL EHSAN, MALAYSIA"
X51008099054.jpg,"NO 3, JALAN TEMENGGUNG 27/9 BANDAR MAHKOTA CHERAS, 43200 SELANGOR."
X51008099071.jpg,"LOT 26151 BANDAR SG LONG, 11 1/4 MILES CHERAS, 43000 KAJANG, SELANGOR"
X51008099073.jpg,"LOT PT 1138 ,PT 33122, BANDAR MAHKOTA CHERAS 43200 CHERAS, SELANGOR"
X51008099081.jpg,"NO.2, JALAN TEMENGGUNG 19/9, SEKSYEN 9, BANDAR MAHKOTA CHERAS, 43200 CHERAS, SELANGOR"
X51008099083.jpg,"NO.2, JALAN TEMENGGUNG 19/9, SEKSYEN 9, BANDAR MAHKOTA CHERAS, 43200 CHERAS, SELANGOR"
X51008099084.jpg,"NO.2, JALAN TEMENGGUNG 19/9, SEKSYEN 9, BANDAR MAHKOTA CHERAS, 43200 CHERAS, SELANGOR"
X51008099085.jpg,"NO.2, JALAN TEMENGGUNG 19/9, SEKSYEN 9, BANDAR MAHKOTA CHERAS, 43200 CHERAS, SELANGOR"
X51008099087.jpg,"NO.2, JALAN TEMENGGUNG 19/9, SEKSYEN 9, BANDAR MAHKOTA CHERAS, 43200 CHERAS, SELANGOR"
X51008099089.jpg,"NO.2, JALAN TEMENGGUNG 19/9, SEKSYEN 9, BANDAR MAHKOTA CHERAS, 43200 CHERAS, SELANGOR"
X51008099102.jpg,"NO: 1-1&2 GROUND FLOOR, JLN TEMENGGUNG 13/9, 43200 CHERAS SELANGOR."
X51008114216.jpg,"LOT 1851-A & 1851-B, JALAN KPB 6, KAWASAN PERINDUSTRIAN BALAKONG, 43300 SERI KEMBANGAN, SELANGOR"
X51008114217.jpg,"LOT 1851-A & 1851-B, JALAN KPB 6, KAWASAN PERINDUSTRIAN BALAKONG, 43300 SERI KEMBANGAN, SELANGOR"
X51008114260.jpg,"LOT P.T. 2811, JALAN ANGSA, TAMAN BERKELEY 41150 KLANG, SELANGOR 1237-TMN INDAH PERDANA"
X51008114262.jpg,"LOT P.T. 2811, JALAN ANGSA, TAMAN BERKELEY 41150 KLANG, SELANGOR 1237-TMN INDAH PERDANA"
X51008114266.jpg,"LOT P.T. 2811, JALAN ANGSA, TAMAN BERKELEY 41150 KLANG, SELANGOR 1237-TMN INDAH PERDANA"
X51008114281.jpg,"LOT P.T. 2811, JALAN ANGSA, TAMAN BERKELEY 41150 KLANG, SELANGOR 1237-TMN INDAH PERDANA"
X51008114282.jpg,"LOT P.T. 2811, JALAN ANGSA, TAMAN BERKELEY 41150 KLANG, SELANGOR 1237-TMN INDAH PERDANA"
X51008114283.jpg,"LOT 1851-A & 1851-B, JALAN KPB 6, KAWASAN PERINDUSTRIAN BALAKONG, 43300 SERI KEMBANGAN, SELANGOR"
X51008114284.jpg,"LOT 1851-A & 1851-B, JALAN KPB 6, KAWASAN PERINDUSTRIAN BALAKONG, KAWASAN PERINDUSTRIAN BALAKONG, 43300 SERI KEMBANGAN, SELANGOR"
X51008114321.jpg,"LOT 2407, JALAN DUA 52100 KEPONG BARU, KL"
X51008122920.jpg,"NO.50, JALAN PBS 14/11, KAWASAN PERINDUSTRIAN BUKIT SERDANG,"
X51008123446.jpg,"MENARA DION #02-03, LEVEL 2, 27, JALAN SULTAN ISMAIL, 50250 KUALA LUMPUR."
X51008123447.jpg,"MENARA DION #02-03, LEVEL 2, 27, JALAN SULTAN ISMAIL, 50250 KUALA LUMPUR."
X51008123450.jpg,"CAR PARK OFFICE, BASEMENT 1, LABUHRAYA SPRINT, PJU6A, 47400 PETALING JAYA, SELANGOR"
X51008123451.jpg,"NO.50 , JALAN PBS 14/11 , KAWASAN PERINDUSTRIAN BUKIT SERDANG,"
X51008123476.jpg,"MENARA DION #02-03, LEVEL 2, 27, JALAN SULTAN ISMAIL, 50250 KUALA LUMPUR."
X51008123580.jpg,"LOT 1851-A & 1851-B, JALAN KP3 6, KAWASAN PERINDUSTRIAN BALAKONG, 43300 SERI KEMBANGAN, SELANGOR"
X51008123586.jpg,"OASIS VILLAGE LOUNGE 2, GROUND FLOOR, OASIS VILLAGE,NO 2, JALAN PJU 1A/7A, OASIS SQUARE,OASIS DAMANSARA., 47301, PETALING JAYA,SELANGOR"
X51008123599.jpg,"NO.29M, JALAN DINAR G U3/G, SEKSYEN U3, SUBANG PERDANA, 40150 SHAH ALAM"
X51008123604.jpg,"NO.29M, JALAN DINAR G U3/G, SEKSYEN U3, SUBANG PERDANA, 40150 SHAH ALAM"
X51008128052.jpg,"M4-A-8, JALAN PANDAH INDAH 4/1A, PANDAH INDAH, 55100 KUALA LUMPUR."
X51008128062.jpg,"13, JLN TASIK UTAMA 8 MEDAN NIAGA DAMAI SG BESI 57000 KL"
X51008128065.jpg,"LOT P.T. 2811, JALAN ANGSA, TAMAN BERKELEY 41150 KLANG, SELANGOR 1249-TMN PANDAN CAHAYA"
X51008142005.jpg,"NO.1, TAMAN SRI DENGKIL, JALAN AIR HITAM 43800 DENGKIL, SELANGOR."
X51008142030.jpg,"NO. 1, TAMAN SRI DENGKIL, JALAN AIR HITAM 43800 DENGKIL, SELANGOR."
X51008142031.jpg,"NO. 1, TAMAN SRI DENGKIL, JALAN AIR HITAM 43800 DENGKIL, SELANGOR."
X51008142032.jpg,"NO. 1, TAMAN SRI DENGKIL, JALAN AIR HITAM 43800 DENGKIL, SELANGOR."
X51008142033.jpg,"NO. 1, TAMAN SRI DENGKIL, JALAN AIR HITAM 43800 DENGKIL, SELANGOR."
X51008142034.jpg,"3-7, GROUND FLOOR, JLN PURTA DENGKIL 1 TMN PUTRA DENGKIL 43800 DENGKIL, SELANGOR DARUL EHSAN"
X51008142038.jpg,"LOT P.T. 2811, JALAN ANGSA, TAMAN BERKELEY 41150 KLANG, SELANGOR 1225-DENGKIL"
X51008142058.jpg,"LOT 276 JALAN BANTING 43800 DENGKIL, SELANGOR"
X51008142059.jpg,"LOT 276 JALAN BANTING 43800 DENGKIL, SELANGOR"
X51008142060.jpg,"LOT 276 JALAN BANTING 43800 DENGKIL, SELANGOR"
X51008142061.jpg,"LOT 276 JALAN BANTING 43800 DENGKIL, SELANGOR"
X51008142062.jpg,"LOT 276 JALAN BANTING 43800 DENGKIL, SELANGOR"
X51008142063.jpg,"LOT 276 JALAN BANTING 43800 DENGKIL, SELANGOR"
X51008142065.jpg,"LOT 276 JALAN BANTING 43800 DENGKIL, SELANGOR."
X51008142068.jpg,"LOT 276 JALAN BANTING 43800 DENGKIL, SELANGOR"
X51008145450.jpg,"216, MACALISTER ROAD, 10400 PENANG, 10400 PENANG."
X51008145504.jpg,"107,JALAN BANDAR RAWANG 2, PUSAT BANDAR RAWANG, 48000 RAWANG,SELANGOR D E"
X51008145505.jpg,"22, JALAN PERINDUSTRIAN HIJAU 5, TAMAN PERINDUSTRIAN HIJAU,"
X51008164420.jpg,"NO 8, JALAN 7/118B, DESA TUN RAZAK 56000 KUALA LUMPUR, MALAYSIA"
X51008164510.jpg,"41-1, JLN RADIN ANUM 2, SRI PETALING, 57000 KUALA LUMPUR."
X51008164524.jpg,"LOT 1851-A & 1851-B, JALAN KPB 6, KAWASAN PERINDUSTRIAN BALAKONG, 43300 SERI KEMBANGAN, SELANGOR"
X51008164525.jpg,"NO 24, 25 & 26, JALAN PUSAT PERNIAGAAN BUNGA RAYA 4, PUSAT PERNIAGAAN BUNGA RAYA,"
X51008164969.jpg,"NO. 1, TAMAN SRI DENGKIL, JALAN AIR HITAM 43800 DENGKIL, SELANGOR."
X51008164991.jpg,"NO.1, TAMAN SRI DENGKIL, JALAN AIR HITAM 43800 DENGKIL, SELANGOR."
X51008164992.jpg,"NO.1, TAMAN SRI DENGKIL, JALAN AIR HITAM 43800 DENGKIL, SELANGOR."
X51008164996.jpg,"NO.1, TAMAN SRI DENGKIL, JALAN AIR HITAM 43800 DENGKIL, SELANGOR."
X51008164997.jpg,"NO.1, TAMAN SRI DENGKIL, JALAN AIR HITAM 43800 DENGKIL, SELANGOR."
X51008164998.jpg,"NO. 1, TAMAN SRI DENGKIL, JALAN AIR HITAM 43800 DENGKIL, SELANGOR."
X51008164999.jpg,"NO.1, TAMAN SRI DENGKIL, JALAN AIR HITAM 43800 DENGKIL, SELANGOR."
X51009453801.jpg,"19, JALAN KANCIL, OFF JALAN PUDU, 55100 KUALA LUMPUR MALAYSIA"
X51009453804.jpg,"NO.32 & 33, JALAN SR 1/9, SEKSYEN 9, TAMAN SERDANG RAYA, 43300 SERI KEMBANGAN, SELANGOR DARUL EHSAN"
